full_id,osm_id,osm_type,amenity,parking,wheelchair,fee,layer,name,access,operator,surface,barrier,foot,motorcar,motorcycle,capacity,capacity:disabled,lit,maxheight,park_ride,opening_hours,bicycle,motor_vehicle,entrance,capacity:parent,capacity:women,noexit,charging_station,railway,horse,emergency,level,amperage,ref,rwetempcharging_station:plug,source:delivery_date,voltage,contact:phone,contact:website,shop,supervised,brand,brand:wikidata,brand:wikipedia,contact:fax,start_date,hiking,information,map_size,map_type,tourism,highway,exit,charge,description,height,phone,website,operator:type,maxstay,smoothness
n69329719,"69329719",node,parking,surface,limited,,,,,,,,,,,,,,,,,,,,,,,,,,,,,,,,,,,,,,,,,,,,,,,,,,,,,,,,
n158569337,"158569337",node,parking,,,,,,,,,,,,,,,,,,,,,,,,,,,,,,,,,,,,,,,,,,,,,,,,,,,,,,,,,,
n207536847,"207536847",node,parking,underground,,yes,"-1",Parkhaus,,,,,,,,,,,,,,,,,,,,,,,,,,,,,,,,,,,,,,,,,,,,,,,,,,,,,
n243091177,"243091177",node,parking,surface,yes,no,,,yes,,,,,,,,,,,,,,,,,,,,,,,,,,,,,,,,,,,,,,,,,,,,,,,,,,,,
n254901548,"254901548",node,parking,surface,,no,,,customers,Tante Amanda,unpaved,,,,,,,,,,,,,,,,,,,,,,,,,,,,,,,,,,,,,,,,,,,,,,,,,,
n254901557,"254901557",node,parking,surface,,no,,,customers,,,,,,,,,,,,,,,,,,,,,,,,,,,,,,,,,,,,,,,,,,,,,,,,,,,,
n255421095,"255421095",node,parking,,,,,,,,,,,,,,,,,,,,,,,,,,,,,,,,,,,,,,,,,,,,,,,,,,,,,,,,,,
n258370280,"258370280",node,parking,surface,,no,,,customers,,,,,,,,,,,,,,,,,,,,,,,,,,,,,,,,,,,,,,,,,,,,,,,,,,,,
n259405487,"259405487",node,parking,,yes,no,,,yes,,,,,,,,,,,,,,,,,,,,,,,,,,,,,,,,,,,,,,,,,,,,,,,,,,,,
n265699075,"265699075",node,parking,surface,,yes,,,customers,,,,,,,,,,,,,,,,,,,,,,,,,,,,,,,,,,,,,,,,,,,,,,,,,,,,
n275672165,"275672165",node,,,,,,,,,,bollard,,,,,,,,,,,,,,,,,,,,,,,,,,,,,,,,,,,,,,,,,,,,,,,,,
n288870308,"288870308",node,parking,,yes,,,,,,,,,,,,,,,,,,,,,,,,,,,,,,,,,,,,,,,,,,,,,,,,,,,,,,,,
n292646629,"292646629",node,parking,underground,,,,,private,,,,,,,,,,,,,,,,,,,,,,,,,,,,,,,,,,,,,,,,,,,,,,,,,,,,
n292663694,"292663694",node,parking,underground,,,,,private,,,,,,,,,,,,,,,,,,,,,,,,,,,,,,,,,,,,,,,,,,,,,,,,,,,,
n301728596,"301728596",node,parking,surface,,,,,permissive,,,,,,,,,,,,,,,,,,,,,,,,,,,,,,,,,,,,,,,,,,,,,,,,,,,,
n309073726,"309073726",node,parking,surface,limited,no,,,yes,,,,,,,,,,,,,,,,,,,,,,,,,,,,,,,,,,,,,,,,,,,,,,,,,,,,
n309074671,"309074671",node,parking,surface,,no,,,customers,,,,,,,,,,,,,,,,,,,,,,,,,,,,,,,,,,,,,,,,,,,,,,,,,,,,
n316775573,"316775573",node,parking,surface,,yes,,,yes,,,,,,,,,,,,,,,,,,,,,,,,,,,,,,,,,,,,,,,,,,,,,,,,,,,,
n330535748,"330535748",node,,,,yes,,,,,,lift_gate,yes,yes,yes,,,,,,,,,,,,,,,,,,,,,,,,,,,,,,,,,,,,,,,,,,,,,,
n338480067,"338480067",node,,,,,,,private,,,gate,,,,,,,,,,,,,,,,,,,,,,,,,,,,,,,,,,,,,,,,,,,,,,,,,
n338480160,"338480160",node,,,,,,,,,,gate,yes,yes,yes,,,,,,,,,,,,,,,,,,,,,,,,,,,,,,,,,,,,,,,,,,,,,,
n353357999,"353357999",node,parking,surface,yes,,,Sportplatz,,,,,,,,"20",yes,,,,,,,,,,,,,,,,,,,,,,,,,,,,,,,,,,,,,,,,,,,,
n357916696,"357916696",node,parking,underground,,yes,,Propsteihof,yes,,,,,,,,,,,,,,,,,,,,,,,,,,,,,,,,,,,,,,,,,,,,,,,,,,,,
n357918239,"357918239",node,parking,underground,yes,yes,"-1",Hansaplatz,customers,,concrete,,,,,,,yes,"1.95",no,,,,,,,,,,,,,,,,,,,,,,,,,,,,,,,,,,,,,,,,,
n357918241,"357918241",node,parking,underground,yes,,"-1",Stadthaus,yes,,,,,,,,,,,,,,,,,,,,,,,,,,,,,,,,,,,,,,,,,,,,,,,,,,,,
n357972918,"357972918",node,parking,underground,no,yes,"-1",Theatergarage,yes,,,,,,,,,,,,,,,,,,,,,,,,,,,,,,,,,,,,,,,,,,,,,,,,,,,,
n368405813,"368405813",node,parking,underground,,no,"-1",,customers,,,,,,,,,,,,,,,,,,,,,,,,,,,,,,,,,,,,,,,,,,,,,,,,,,,,
n369177079,"369177079",node,parking,surface,,yes,,,yes,,,,,,,,,,,,,,,,,,,,,,,,,,,,,,,,,,,,,,,,,,,,,,,,,,,,
n378027419,"378027419",node,parking,surface,,no,,,yes,,,,,,,,,,,,,,,,,,,,,,,,,,,,,,,,,,,,,,,,,,,,,,,,,,,,
n384826883,"384826883",node,parking,surface,yes,no,,,customers,,,,,,,,,,,,,,,,,,,,,,,,,,,,,,,,,,,,,,,,,,,,,,,,,,,,
n387186273,"387186273",node,parking,multi-storey,yes,yes,,Kaufhof Parkhaus,yes,,,,,,,,,,,,Mo-Sa 08:30-21:00,,,,,,,,,,,,,,,,,,,,,,,,,,,,,,,,,,,,,,,,
n388499078,"388499078",node,taxi,,,,,,,,,,,,,,,,,,,,,,,,,,,,,,,,,,,,,,,,,,,,,,,,,,,,,,,,,,
n389467346,"389467346",node,parking,surface,,no,,,yes,,,,,,,,,,,,,,,,,,,,,,,,,,,,,,,,,,,,,,,,,,,,,,,,,,,,
n409474089,"409474089",node,parking,surface,yes,,,,,,,,,,,,,,,,,,,,,,,,,,,,,,,,,,,,,,,,,,,,,,,,,,,,,,,,
n414072479,"414072479",node,parking,surface,,no,,,yes,,,,,,,"6",,,,,,,,,,,,,,,,,,,,,,,,,,,,,,,,,,,,,,,,,,,,,
n415876135,"415876135",node,parking,surface,,,,,,,,,,,,,,,,,,,,,,,,,,,,,,,,,,,,,,,,,,,,,,,,,,,,,,,,,
n428244755,"428244755",node,parking,surface,,,,,private,,,,,,,,,,,,,,,,,,,,,,,,,,,,,,,,,,,,,,,,,,,,,,,,,,,,
n429067101,"429067101",node,parking,surface,,yes,,,yes,,,,,,,"10",,,,,,,,,,,,,,,,,,,,,,,,,,,,,,,,,,,,,,,,,,,,,
n432570195,"432570195",node,,,,,,,,,,lift_gate,yes,yes,yes,,,,,,,yes,,,,,,,,,,,,,,,,,,,,,,,,,,,,,,,,,,,,,,,
n436130088,"436130088",node,parking,surface,,,,,,,,,,,,,,,,,,,,,,,,,,,,,,,,,,,,,,,,,,,,,,,,,,,,,,,,,
n451218689,"451218689",node,parking,surface,,no,,,yes,,,,,,,,,,,,,,,,,,,,,,,,,,,,,,,,,,,,,,,,,,,,,,,,,,,,
n451537508,"451537508",node,parking,surface,yes,,,,,,,,,,,"50",,,,,,,,,,,,,,,,,,,,,,,,,,,,,,,,,,,,,,,,,,,,,
n458236629,"458236629",node,,,,,,,,,,entrance,yes,,,,,,,,,yes,,,,,,,,,,,,,,,,,,,,,,,,,,,,,,,,,,,,,,,
n472881500,"472881500",node,parking,,,,,,,,,,,,,,,,,,,,,,,,,,,,,,,,,,,,,,,,,,,,,,,,,,,,,,,,,,
n495235247,"495235247",node,,,,,,,yes,,,bollard,yes,,,,,,,,,yes,no,,,,,,,,,,,,,,,,,,,,,,,,,,,,,,,,,,,,,,
n497395622,"497395622",node,parking,,,,,,,,,,,,,,,,,,,,,,,,,,,,,,,,,,,,,,,,,,,,,,,,,,,,,,,,,,
n507118618,"507118618",node,parking,surface,,,,,private,,,,,,,,,,,,,,,,,,,,,,,,,,,,,,,,,,,,,,,,,,,,,,,,,,,,
n507814540,"507814540",node,parking,surface,yes,,,Verwaltung,,,,,,,,,,,,,,,,,,,,,,,,,,,,,,,,,,,,,,,,,,,,,,,,,,,,,
n517632096,"517632096",node,,,,,,,,,,lift_gate,,,,,,,,,,,,,,,,,,,,,,,,,,,,,,,,,,,,,,,,,,,,,,,,,
n522035280,"522035280",node,parking,underground,,,"-1",Tiefgarage,private,,,,,,,,,,,,,,,,,,,,,,,,,,,,,,,,,,,,,,,,,,,,,,,,,,,,
n523766610,"523766610",node,,,,,,,,,,,,,,,,,,,,,,yes,,,,,,,,,,,,,,,,,,,,,,,,,,,,,,,,,,,,,
n532237298,"532237298",node,parking,,,,,,permissive,Sparkasse Dortmund,,,,,,,,,,,,,,,,,,,,,,,,,,,,,,,,,,,,,,,,,,,,,,,,,,,
n559574678,"559574678",node,parking,,no,,,,permissive,,,,,,,,,,,,,,,,,,,,,,,,,,,,,,,,,,,,,,,,,,,,,,,,,,,,
n559690643,"559690643",node,parking,,,,,,,,,,,,,,,,,,,,,,,,,,,,,,,,,,,,,,,,,,,,,,,,,,,,,,,,,,
n602384889,"602384889",node,parking,,,,,,,,,,,,,,,,,,,,,,,,,,,,,,,,,,,,,,,,,,,,,,,,,,,,,,,,,,
n644602956,"644602956",node,parking,,,no,,,customers,,,,,,,,,,,,,,,,,,,,,,,,,,,,,,,,,,,,,,,,,,,,,,,,,,,,
n644602964,"644602964",node,parking,,yes,no,,,yes,,,,,,,,,,,,,,,,,,,,,,,,,,,,,,,,,,,,,,,,,,,,,,,,,,,,
n644602969,"644602969",node,parking,,yes,no,,,yes,,,,,,,,,,,,,,,,,,,,,,,,,,,,,,,,,,,,,,,,,,,,,,,,,,,,
n668030788,"668030788",node,parking,surface,,no,,,permissive,,,,,,,"6",no,,,no,,,,,no,no,,,,,,,,,,,,,,,,,,,,,,,,,,,,,,,,,,,
n672926030,"672926030",node,parking,underground,,,"-1",,,,,,,,,,,,,,,,,,,,,,,,,,,,,,,,,,,,,,,,,,,,,,,,,,,,,,
n672964928,"672964928",node,,,,,,,,,,cycle_barrier,,,,,,,,,,,,,,,,,,,,,,,,,,,,,,,,,,,,,,,,,,,,,,,,,
n672979248,"672979248",node,,,,,,,,,,bollard,yes,,,,,,,,,yes,,,,,,,,,,,,,,,,,,,,,,,,,,,,,,,,,,,,,,,
n672997472,"672997472",node,parking,underground,,,,,private,,,,,,,,,,,,,,,,,,,,,,,,,,,,,,,,,,,,,,,,,,,,,,,,,,,,
n673366060,"673366060",node,parking,underground,yes,,,,private,,,,,,,,,,,,,,,,,,,,,,,,,,,,,,,,,,,,,,,,,,,,,,,,,,,,
n673550942,"673550942",node,,,,,,,,,,gate,,,,,,,,,,,,,,,,,,,,,,,,,,,,,,,,,,,,,,,,,,,,,,,,,
n673551008,"673551008",node,,,,,,,,,,gate,,,,,,,,,,,,,,,,,,,,,,,,,,,,,,,,,,,,,,,,,,,,,,,,,
n673600034,"673600034",node,,,,,,,,,,gate,,,,,,,,,,,,,,,,,,,,,,,,,,,,,,,,,,,,,,,,,,,,,,,,,
n673872208,"673872208",node,parking,surface,,,,,private,,,,,,,,,,,,,,,,,,,,,,,,,,,,,,,,,,,,,,,,,,,,,,,,,,,,
n673875802,"673875802",node,parking,surface,yes,,,,private,,,,,,,,,,,,,,,,,,,,,,,,,,,,,,,,,,,,,,,,,,,,,,,,,,,,
n674280086,"674280086",node,parking,,,,,,,,,,,,,,,,,,,,,,,,,,,,,,,,,,,,,,,,,,,,,,,,,,,,,,,,,,
n674477621,"674477621",node,,,,,,,,,,gate,,,,,,,,,,,,,,,,,,,,,,,,,,,,,,,,,,,,,,,,,,,,,,,,,
n674645204,"674645204",node,,,,,,,,,,,,,,,,,,,,,,,,,yes,,,,,,,,,,,,,,,,,,,,,,,,,,,,,,,,,,
n674645218,"674645218",node,parking_entrance,,,,,,,,,,,,,,,,,,,,,,,,,,,,,,,,,,,,,,,,,,,,,,,,,,,,,,,,,,
n674645272,"674645272",node,parking_entrance,,,,,,,,,,,,,,,,,,,,,,,,,,,,,,,,,,,,,,,,,,,,,,,,,,,,,,,,,,
n674780973,"674780973",node,parking,underground,,yes,"-1",,,,,,,,,,,,,,,,,,,,,,,,,,,,,,,,,,,,,,,,,,,,,,,,,,,,,,
n676305932,"676305932",node,parking,underground,,,"-1",,private,,,,,,,,,,,,,,,,,,,,,,,,,,,,,,,,,,,,,,,,,,,,,,,,,,,,
n676820187,"676820187",node,parking,underground,,,,,private,,,,,,,,,,,,,,,,,,,,,,,,,,,,,,,,,,,,,,,,,,,,,,,,,,,,
n676828273,"676828273",node,,,,,,,,,,lift_gate,,,,,,,,,,,,,,,,,,,,,,,,,,,,,,,,,,,,,,,,,,,,,,,,,
n677148226,"677148226",node,parking,underground,yes,yes,,P1,yes,,,,,,,,,,,,,,,,,,,,,,,,,,,,,,,,,,,,,,,,,,,,,,,,,,,,
n677231391,"677231391",node,parking,underground,,,,,,,,,,,,,,,"2.0",,,,,,,,,,,,,,,,,,,,,,,,,,,,,,,,,,,,,,,,,,
n677231453,"677231453",node,,,,,,,,,,,,,,,,,,,,,,,,,yes,,,,,,,,,,,,,,,,,,,,,,,,,,,,,,,,,,
n677231455,"677231455",node,,,,,,,,,,,,,,,,,,,,,,,,,yes,,,,,,,,,,,,,,,,,,,,,,,,,,,,,,,,,,
n677231483,"677231483",node,parking,underground,,,,,private,,,,,,,,,,,,,,,,,,,,,,,,,,,,,,,,,,,,,,,,,,,,,,,,,,,,
n677231631,"677231631",node,,,,,,,,,,lift_gate,,,,,,,,,,,,,,,,,,,,,,,,,,,,,,,,,,,,,,,,,,,,,,,,,
n677231875,"677231875",node,,,,,,,,,,lift_gate,,,,,,,,,,,,,,,,,,,,,,,,,,,,,,,,,,,,,,,,,,,,,,,,,
n677232100,"677232100",node,,,,,,,,,,chain,,,,,,,,,,,,,,,,,,,,,,,,,,,,,,,,,,,,,,,,,,,,,,,,,
n677589126,"677589126",node,parking,surface,,no,,,private,,,,,,,"6",,,,no,,,,,,,,,,,,,,,,,,,,,,,,,,,,,,,,,,,,,,,,,
n679078302,"679078302",node,,,,,,,,,,lift_gate,,,,,,,,,,,,,,,,,,,,,,,,,,,,,,,,,,,,,,,,,,,,,,,,,
n679421881,"679421881",node,parking,surface,,,,,,,,,,,,,,,,,,,,,,,,,,,,,,,,,,,,,,,,,,,,,,,,,,,,,,,,,
n679645527,"679645527",node,parking,underground,,yes,"-1",,yes,,,,,,,,,,,,,,,,,,,yes,,,,,,,,,,,,,,,,,,,,,,,,,,,,,,,,,
n679776925,"679776925",node,,,,,,,,,,lift_gate,no,yes,,,,,,,,no,,,,,,,,,,,,,,,,,,,,,,,,,,,,,,,,,,,,,,,
n679970252,"679970252",node,parking,surface,,,,,,,,,,,,,,,,,,,,,,,,,,,,,,,,,,,,,,,,,,,,,,,,,,,,,,,,,
n681320225,"681320225",node,parking,surface,,,,,,,,,,,,"3",unknown,,,,,,,,unknown,unknown,,,,,,,,,,,,,,,,,,,,,,,,,,,,,,,,,,,
n682208240,"682208240",node,,,,,,,,,,lift_gate,yes,yes,yes,,,,,,,yes,,,,,,,,,,,,,,,,,,,,,,,,,,,,,,,,,,,,,,,
n682208250,"682208250",node,,,,,,,,,,lift_gate,yes,yes,yes,,,,,,,yes,,,,,,,,,,,,,,,,,,,,,,,,,,,,,,,,,,,,,,,
n683120856,"683120856",node,parking,underground,,,"-1",,private,,,,,,,,,,,,,,,,,,,,,,,,,,,,,,,,,,,,,,,,,,,,,,,,,,,,
n683120857,"683120857",node,parking,underground,,,"-1",,private,,,,,,,,,,,,,,,,,,,,,,,,,,,,,,,,,,,,,,,,,,,,,,,,,,,,
n683120889,"683120889",node,,,,,,,,,,gate,no,,,,,,,,,no,,,,,,,,,,,,,,,,,,,,,,,,,,,,,,,,,,,,,,,
n683263078,"683263078",node,parking,,,,,,private,,,,,,,,,,,,,,,,,,,,,,,,,,,,,,,,,,,,,,,,,,,,,,,,,,,,
n683494300,"683494300",node,,,,,,Eingang Süd,,,,gate,,,,,,,,,,,,,,,,,,,,,,,,,,,,,,,,,,,,,,,,,,,,,,,,,
n683494568,"683494568",node,,,,,,Eingang Ost,,,,gate,,,,,,,,,,,,,,,,,,,,,,,,,,,,,,,,,,,,,,,,,,,,,,,,,
n683495303,"683495303",node,,,,,,Eingang Nord,,,,gate,,,,,,,,,,,,,,,,,,,,,,,,,,,,,,,,,,,,,,,,,,,,,,,,,
n683783432,"683783432",node,parking,underground,,,,,private,,,,,,,,,,,,,,,,,,,,,,,,,,,,,,,,,,,,,,,,,,,,,,,,,,,,
n684321460,"684321460",node,parking,surface,,no,,,yes,,,,,,,,,,,,,,,,,,,,,,,,,,,,,,,,,,,,,,,,,,,,,,,,,,,,
n684321603,"684321603",node,parking,surface,,no,,,yes,,,,,,,,,,,,,,,,,,,,,,,,,,,,,,,,,,,,,,,,,,,,,,,,,,,,
n684869274,"684869274",node,parking,underground,,,"-1",,private,,,,,,,,,,,,,,,,,,,,,,,,,,,,,,,,,,,,,,,,,,,,,,,,,,,,
n686702138,"686702138",node,parking,surface,,,,,,,,,,,,"6",,,,,,,,,,,,,,,,,,,,,,,,,,,,,,,,,,,,,,,,,,,,,
n686708103,"686708103",node,parking,surface,,,,,,,,,,,,"5",,,,,,,,,,,,,,,,,,,,,,,,,,,,,,,,,,,,,,,,,,,,,
n687716983,"687716983",node,parking,surface,,no,,,yes,,,,,,,"6",,,,,,,,,,,,,,,,,,,,,,,,,,,,,,,,,,,,,,,,,,,,,
n692845958,"692845958",node,,,,,,,,,,gate,yes,,,,,,,,,no,,,,,,,,,,,,,,,,,,,,,,,,,,,,,,,,,,,,,,,
n692990498,"692990498",node,parking,underground,,,"-1",,private,,,,,,,,,,,,,,,,,,,,,,,,,,,,,,,,,,,,,,,,,,,,,,,,,,,,
n693354336,"693354336",node,,,,,,,,,,gate,,,,,,,,,,,,,,,,,,,,,,,,,,,,,,,,,,,,,,,,,,,,,,,,,
n693969108,"693969108",node,,,,,,,,,,bollard,yes,,,,,,,,,yes,,,,,,,,,,,,,,,,,,,,,,,,,,,,,,,,,,,,,,,
n697236821,"697236821",node,parking,underground,yes,yes,"-1",Garagenanlage DO HBF,,,,,,,,,,,,,24/7,,,,,,,,,,,,,,,,,,,,,,,,,,,,,,,,,,,,,,,,
n697324413,"697324413",node,parking,underground,,,,,,,,,,,,,,,,,,,,,,,,,,,,,,,,,,,,,,,,,,,,,,,,,,,,,,,,,
n698415685,"698415685",node,parking,,,,,,yes,,,,,,,,,,,,,,,,,,,,,,,,,,,,,,,,,,,,,,,,,,,,,,,,,,,,
n698789197,"698789197",node,parking,surface,,,,,,,,,,,,,,,,,,,,,,,,,,,,,,,,,,,,,,,,,,,,,,,,,,,,,,,,,
n698818848,"698818848",node,,,,,,,,,,gate,,,,,,,,,,,,,,,,,,,,,,,,,,,,,,,,,,,,,,,,,,,,,,,,,
n698845151,"698845151",node,parking,surface,,,,,,,,,,,,,,,,,,,,,,,,,,,,,,,,,,,,,,,,,,,,,,,,,,,,,,,,,
n698868045,"698868045",node,parking,surface,yes,,,,,,,,,,,,,,"2.2",,,,,,,,,,,,,,,,,,,,,,,,,,,,,,,,,,,,,,,,,,
n700416951,"700416951",node,,,,,,,,,,bollard,yes,,,,,,,,,yes,,,,,,,,,,,,,,,,,,,,,,,,,,,,,,,,,,,,,,,
n700416954,"700416954",node,,,,,,,,,,gate,,,,,,,,,,,,,,,,,,,,,,,,,,,,,,,,,,,,,,,,,,,,,,,,,
n701723499,"701723499",node,parking,surface,yes,,,,,,,,,,,"5",,,,,,,,,,,,,,,,,,,,,,,,,,,,,,,,,,,,,,,,,,,,,
n701730925,"701730925",node,,,no,,,Dortmund-Lütgendortmund,,,,,,,,,,,,,,,,,,,,,train_station_entrance,,,,,,,,,,,,,,,,,,,,,,,,,,,,,,,,
n702312843,"702312843",node,parking,underground,,,"-1",,,,,,,,,,,,,,,,,,,,,,,,,,,,,,,,,,,,,,,,,,,,,,,,,,,,,,
n702946158,"702946158",node,parking,underground,,,,,,,,,,,,,,,,,,,,,,,,,,,,,,,,,,,,,,,,,,,,,,,,,,,,,,,,,
n703073985,"703073985",node,parking_entrance,underground,,,,,,,,,,,,,,,,,,,,,,,,,,,,,,,,,,,,,,,,,,,,,,,,,,,,,,,,,
n703074021,"703074021",node,parking_entrance,,,,,,,,,,,,,,,,,,,,,,,,,,,,,,,,,,,,,,,,,,,,,,,,,,,,,,,,,,
n703083071,"703083071",node,parking,underground,,,,,private,,,,,,,,,,,,,,,,,,,,,,,,,,,,,,,,,,,,,,,,,,,,,,,,,,,,
n704479655,"704479655",node,,,,,,,,,,gate,no,no,no,,,,,,,no,,,,,,,,no,,,,,,,,,,,,,,,,,,,,,,,,,,,,,,,
n705725768,"705725768",node,parking,underground,,yes,"-1",,customers,,,,,,,,,,,,,,,,,,,,,,,,,,,,,,,,,,,,,,,,,,,,,,,,,,,,
n707031473,"707031473",node,,,,,,,,,,bollard,,,,,,,,,,,,,,,,,,,,,,,,,,,,,,,,,,,,,,,,,,,,,,,,,
n711744951,"711744951",node,parking,underground,yes,yes,,P1,yes,,,,,,,"1100",,,"2",,,,,,,,,,,,,,,,,,,,,,,,,,,,,,,,,,,,,,,,,,
n711745012,"711745012",node,parking,underground,yes,yes,,P1,yes,,,,,,,"1100",,,"2",,,,,,,,,,,,,,,,,,,,,,,,,,,,,,,,,,,,,,,,,,
n711761553,"711761553",node,,,,,,,,,,lift_gate,yes,yes,yes,,,,,,,yes,,,,,,,,,,,,,,,,,,,,,,,,,,,,,,,,,,,,,,,
n715945290,"715945290",node,parking,underground,,,,,private,,,,,,,,,,,,,,,,,,,,,,,,,,,,,,,,,,,,,,,,,,,,,,,,,,,,
n715960719,"715960719",node,parking,underground,,,,,private,,,,,,,,,,,,,,,,,,,,,,,,,,,,,,,,,,,,,,,,,,,,,,,,,,,,
n721813362,"721813362",node,parking,surface,,,,,,,,,,,,,,,,,,,,,,,,,,,,,,,,,,,,,,,,,,,,,,,,,,,,,,,,,
n730863171,"730863171",node,parking,surface,,,,,,,,,,,,"1","1",,,no,,,,,no,no,,,,,,,,,,,,,,,,,,,,,,,,,,,,,,,,,,,
n732586380,"732586380",node,,,,,,,,,,entrance,yes,,,,,,,,,no,,,,,,,,,,,,,,,,,,,,,,,,,,,,,,,,,,,,,,,
n736356614,"736356614",node,parking,underground,yes,,"-1",,permissive,,,,,,,,,,,,,,,,,,,,,,,,,,,,,,,,,,,,,,,,,,,,,,,,,,,,
n748745869,"748745869",node,,,,,,,,,,gate,,,,,,,,,,,,,,,,,,,,,,,,,,,,,,,,,,,,,,,,,,,,,,,,,
n749483363,"749483363",node,parking,underground,,,"-1",,,,,,,,,,,,,,,,,,,,,,,,,,,,,,,,,,,,,,,,,,,,,,,,,,,,,,
n749483462,"749483462",node,parking,underground,,,"-1",,,,,,,,,,,,,,,,,,,,,,,,,,,,,,,,,,,,,,,,,,,,,,,,,,,,,,
n760609338,"760609338",node,parking,underground,,,,,,,,,,,,,,,,,,,,,,,,,,,,,,,,,,,,,,,,,,,,,,,,,,,,,,,,,
n760609499,"760609499",node,parking,underground,,,,,,,,,,,,,,,,,,,,,,,,,,,,,,,,,,,,,,,,,,,,,,,,,,,,,,,,,
n760643504,"760643504",node,parking,underground,,,,,,,,,,,,,,,,,,,,,,,,,,,,,,,,,,,,,,,,,,,,,,,,,,,,,,,,,
n760643535,"760643535",node,parking,underground,,,,,,,,,,,,,,,,,,,,,,,,,,,,,,,,,,,,,,,,,,,,,,,,,,,,,,,,,
n761569322,"761569322",node,parking,multi-storey,,,,,unknown,,,,,,,,,,,,,,,,,,,,,,,,,,,,,,,,,,,,,,,,,,,,,,,,,,,,
n761879856,"761879856",node,,,,,,,,,,gate,,,,,,,,,,,,,,,,,,,,,,,,,,,,,,,,,,,,,,,,,,,,,,,,,
n764687080,"764687080",node,,,,,,,,,,lift_gate,,,,,,,,,,,,,,,,,,,,,,,,,,,,,,,,,,,,,,,,,,,,,,,,,
n765600846,"765600846",node,,,,,,,,,,gate,,,,,,,,,,,,,,,,,,,,,,,,,,,,,,,,,,,,,,,,,,,,,,,,,
n767523136,"767523136",node,,,,,,,,,,gate,no,,,,,,,,,no,,,,,,,,,,,,,,,,,,,,,,,,,,,,,,,,,,,,,,,
n768097642,"768097642",node,parking,underground,,,,,,,,,,,,,,,,,,,,,,,,,,,,,,,,,,,,,,,,,,,,,,,,,,,,,,,,,
n775445595,"775445595",node,,,,,,,,,,,,,,,,,,,,,,service,,,,,,,,,,,,,,,,,,,,,,,,,,,,,,,,,,,,,
n775445598,"775445598",node,,,,,,,,,,,,,,,,,,,,,,service,,,,,,,,,,,,,,,,,,,,,,,,,,,,,,,,,,,,,
n829553171,"829553171",node,parking,underground,,,,,,,,,,,,,,,,,,,,,,,,,,,,,,,,,,,,,,,,,,,,,,,,,,,,,,,,,
n829553302,"829553302",node,parking,underground,,,,,,,,,,,,,,,,,,,,,,,,,,,,,,,,,,,,,,,,,,,,,,,,,,,,,,,,,
n833748774,"833748774",node,parking,,,,,Hallenbad,,,,,,,,,,,,,,,,,,,,,,,,,,,,,,,,,,,,,,,,,,,,,,,,,,,,,
n844882636,"844882636",node,,,,,,,,,,,,,,,,,,,,,no,,,,yes,,,,,,,,,,,,,,,,,,,,,,,,,,,,,,,,,,
n852308918,"852308918",node,,,,,,,,,,gate,,,,,,,,,,,,,,,,,,,,,,,,,,,,,,,,,,,,,,,,,,,,,,,,,
n863132265,"863132265",node,,,,,,,,,,cycle_barrier,yes,,,,,,,,,no,,,,,,,,,,,,,,,,,,,,,,,,,,,,,,,,,,,,,,,
n863132364,"863132364",node,,,,,,,,,,bollard,yes,,,,,,,,,yes,,,,,,,,,yes,,,,,,,,,,,,,,,,,,,,,,,,,,,,,,
n863132442,"863132442",node,,,,yes,,,,,,lift_gate,yes,yes,yes,,,,,,,,,,,,,,,,,,,,,,,,,,,,,,,,,,,,,,,,,,,,,,
n863132871,"863132871",node,,,,,,,private,,,lift_gate,,,,,,,,,,,,,,,,,,,,,,,,,,,,,,,,,,,,,,,,,,,,,,,,,
n863133081,"863133081",node,,,,,,,permissive,,,gate,yes,no,no,,,,,,,no,,,,,,,,,,,,,,,,,,,,,,,,,,,,,,,,,,,,,,,
n863224862,"863224862",node,parking_entrance,,,,,,,,,,,,,,,,,,,,,,,,,,,,,,,,,,,,,,,,,,,,,,,,,,,,,,,,,,
n863224896,"863224896",node,parking_entrance,,,,,,,,,,,,,,,,,,,,,,,,,,,,,,,,,,,,,,,,,,,,,,,,,,,,,,,,,,
n863225215,"863225215",node,,,,,,,,,,lift_gate,,,,,,,,,,,,,,,,,,,,,,,,,,,,,,,,,,,,,,,,,,,,,,,,,
n863225285,"863225285",node,,,,,,,,,,,,,,,,,,,,,,,,,,,,,,"1",,,,,,,,,,,,,,,,,,,,,,,,,,,,,
n863225319,"863225319",node,parking_entrance,,,,,,,,,,,,,,,,,,,,,,,,,,,,,,,,,,,,,,,,,,,,,,,,,,,,,,,,,,
n863225381,"863225381",node,parking_entrance,,,,,,,,,,,,,,,,,,,,,,,,,,,,,,,,,,,,,,,,,,,,,,,,,,,,,,,,,,
n863225519,"863225519",node,,,,,,,,,,lift_gate,,,,,,,,,,,,,,,,,,,,,,,,,,,,,,,,,,,,,,,,,,,,,,,,,
n864076109,"864076109",node,,,,,,,private,,,gate,,,,,,,,,,,,,,,,,,,,,,,,,,,,,,,,,,,,,,,,,,,,,,,,,
n872727594,"872727594",node,parking_entrance,,,,,,,,,,,,,,,,,,,,,,,,,,,,,,,,,,,,,,,,,,,,,,,,,,,,,,,,,,
n873689386,"873689386",node,,,,,,,,,,gate,,,,,,,,,,,,,,,,,,,,,,,,,,,,,,,,,,,,,,,,,,,,,,,,,
n873689453,"873689453",node,,,,,,,,,,gate,,,,,,,,,,,,,,,,,,,,,,,,,,,,,,,,,,,,,,,,,,,,,,,,,
n885565348,"885565348",node,,,,,,,,,,gate,,,,,,,,,,,,,,,,,,,,,,,,,,,,,,,,,,,,,,,,,,,,,,,,,
n903140687,"903140687",node,,,,,,,,,,lift_gate,,,,,,,,,,,,,,,,,,,,,,,,,,,,,,,,,,,,,,,,,,,,,,,,,
n914809928,"914809928",node,,,,,,,,,,,,,,,,,,,,,,main,,,,,,,,,,,,,,,,,,,,,,,,,,,,,,,,,,,,,
n927329363,"927329363",node,parking_entrance,,,,,,,,,,,,,,,,,,,,,,,,,,,,,,,,,,,,,,,,,,,,,,,,,,,,,,,,,,
n928399030,"928399030",node,,,,,,,,,,gate,,,,,,,,,,,,,,,,,,,,,,,,,,,,,,,,,,,,,,,,,,,,,,,,,
n930173115,"930173115",node,parking,,,no,,,yes,,,,,,,,,,,,,,,,,,,,,,,,,,,,,,,,,,,,,,,,,,,,,,,,,,,,
n930173356,"930173356",node,parking,,,no,,,yes,,,,,,,,,,,,,,,,,,,,,,,,,,,,,,,,,,,,,,,,,,,,,,,,,,,,
n981778808,"981778808",node,,,,,,,,,,lift_gate,,,,,,,,,,,,,,,,,,,,,,,,,,,,,,,,,,,,,,,,,,,,,,,,,
n981778961,"981778961",node,,,,,,,,,,lift_gate,,,,,,,,,,,,,,,,,,,,,,,,,,,,,,,,,,,,,,,,,,,,,,,,,
n984689365,"984689365",node,parking,surface,,,,,,,,,,,,,,,,,,,,,,,,,,,,,,,,,,,,,,,,,,,,,,,,,,,,,,,,,
n984689388,"984689388",node,parking,surface,,,,,,,,,,,,,,,,,,,,,,,,,,,,,,,,,,,,,,,,,,,,,,,,,,,,,,,,,
n1004180062,"1004180062",node,,,,,,,,,,gate,yes,,,,,,,,,yes,,,,,,,,,,,,,,,,,,,,,,,,,,,,,,,,,,,,,,,
n1078653709,"1078653709",node,parking,underground,,,,,private,,,,,,,,,,,,,,,,,,,,,,,,,,,,,,,,,,,,,,,,,,,,,,,,,,,,
n1117315696,"1117315696",node,parking,,yes,,,,,,,,,,,,,,,,,,,,,,,,,,,,,,,,,,,,,,,,,,,,,,,,,,,,,,,,
n1161583256,"1161583256",node,,,,,,,,,,,,,,,,,,,,,,yes,,,,,,,,,,,,,,,,,,,,,,,,,,,,,,,,,,,,,
n1178834404,"1178834404",node,charging_station,,,,,,,RWE / DEW21,,,,,,,,,,,,,,,,,,,,,,,"32",BA-0396-6 / BA-0387-4,Typ 2,2011/01/17,"400",,,,,,,,,,,,,,,,,,,,,,,,
n1188782595,"1188782595",node,,,,,,,,,,lift_gate,,,,,,,,,,,,,,,,,,,,,,,,,,,,,,,,,,,,,,,,,,,,,,,,,
n1199792613,"1199792613",node,,,,,,,,,,,,,,,,,,,,,,main,,,,,,,,,,,,,,,,,,,,,,,,,,,,,,,,,,,,,
n1202130914,"1202130914",node,,,,,,,,,,lift_gate,no,yes,,,,,,,,no,,,,,,,,,,,,,,,,,,,,,,,,,,,,,,,,,,,,,,,
n1218520400,"1218520400",node,parking,surface,,yes,,,yes,,,,,,,"3",,,,,,,,,,,,,,,,,,,,,,,,,,,,,,,,,,,,,,,,,,,,,
n1218520420,"1218520420",node,parking,surface,,yes,,,yes,,,,,,,"10",,,,,,,,,,,,,,,,,,,,,,,,,,,,,,,,,,,,,,,,,,,,,
n1218807203,"1218807203",node,,,,,,,,,,,,,,,,,,,,,,main,,,,,,,,,,,,,,,,,,,,,,,,,,,,,,,,,,,,,
n1224581884,"1224581884",node,,,,,,,,,,,,,,,,,,,,,,main,,,,,,,,,,,,,,,,,,,,,,,,,,,,,,,,,,,,,
n1230209161,"1230209161",node,,,,,,,,,,,,,,,,,,,,,,main,,,,,,,,,,,,,,,,,,,,,,,,,,,,,,,,,,,,,
n1256350241,"1256350241",node,parking,underground,yes,,"-1",,,,,gate,,,,,,,,,,,,,,,,,,,,,,,,,,,,,,,,,,,,,,,,,,,,,,,,,
n1256350247,"1256350247",node,parking,underground,,,"-1",,,,,gate,,,,,,,,,,,,,,,,,,,,,,,,,,,,,,,,,,,,,,,,,,,,,,,,,
n1304775983,"1304775983",node,,,,,,,,,,bollard,yes,,,,,,,,,yes,no,,,,,,,yes,yes,,,,,,,,,,,,,,,,,,,,,,,,,,,,,,
n1325893059,"1325893059",node,parking,,,,,,,,,,,,,,,,,,,,,,,,,,,,,,,,,,,,,,,,,,,,,,,,,,,,,,,,,,
n1353671045,"1353671045",node,,,,,,,,,,lift_gate,yes,yes,yes,,,,,,,,,,,,,,,,,,,,,,,,,,,,,,,,,,,,,,,,,,,,,,
n1394718960,"1394718960",node,,,yes,,,Netto,,,,,,,,,,,,,Mo-Sa 07:00-22:00,,,main,,,,,,,,,,,,,,+49 800 2000015,http://www.netto-online.de,supermarket,,,,,,,,,,,,,,,,,,,,,
n1435025176,"1435025176",node,parking,multi-storey,yes,yes,,,yes,,,,,,,,,,,,,,,,,,,,,,,,,,,,,,,,,,,,,,,,,,,,,,,,,,,,
n1438389277,"1438389277",node,parking,multi-storey,yes,,,,,,,,,,,,,,,,,,,,,,,,,,,,,,,,,,,,,,,,,,,,,,,,,,,,,,,,
n1508369367,"1508369367",node,parking,lane,yes,no,,,yes,,asphalt,,,,,,,,,,,,,,,,,,,,,,,,,,,,,,no,,,,,,,,,,,,,,,,,,,,
n1561646312,"1561646312",node,parking,underground,,no,,,private,,,,,,,,,,,no,,,,,,,,,,,,,,,,,,,,,,,,,,,,,,,,,,,,,,,,,
n1719057526,"1719057526",node,parking,surface,,no,,,,,,,,,,"5",,,,,,,,,,,,,,,,,,,,,,,,,,,,,,,,,,,,,,,,,,,,,
n1805562894,"1805562894",node,,,,,,,,,,,,,,,,,,,,,,main,,,,,,,,,,,,,,,,,,,,,,,,,,,,,,,,,,,,,
n1824648411,"1824648411",node,parking,surface,,no,,,yes,,,,,,,"10",unknown,,,,,,,,unknown,unknown,,,,,,,,,,,,,,,,,,,,,,,,,,,,,,,,,,,
n1867844806,"1867844806",node,parking,surface,,,,,private,,,,,,,,,,,,,,,,,,,,,,,,,,,,,,,,,,,,,,,,,,,,,,,,,,,,
n1890441583,"1890441583",node,parking,,,,,,,,,,,,,,,,,,,,,,,,,,,,,,,,,,,,,,,,,,,,,,,,,,,,,,,,,,
n2031862514,"2031862514",node,parking,,,,,,,,,,,,,,,,,,,,,,,,,,,,,,,,,,,,,,,,,,,,,,,,,,,,,,,,,,
n2177539973,"2177539973",node,,,,,,,,,,gate,,,,,,,,,,,,,,,,,,,,,,,,,,,,,,,,,,,,,,,,,,,,,,,,,
n2311702297,"2311702297",node,parking,surface,,,,Ärztehausparkplatz,customers,,,,,,,,,,,,,,,,,,,,,,,,,,,,,,,,,,,,,,,,,,,,,,,,,,,,
n2314393013,"2314393013",node,parking,surface,yes,,,,private,,,,,,,,,,,,,,,,,,,,,,,,,,,,,,,,,,,,,,,,,,,,,,,,,,,,
n2354373229,"2354373229",node,parking,surface,,no,,,customers,,,,,,,,,,,,,,,,,,,,,,,,,,,,,,,,,,,,,,,,,,,,,,,,,,,,
n2587894813,"2587894813",node,parking,surface,,,,,private,BTZ,,,,,,,,,,,,,,,,,,,,,,,,,,,,,,,,,,,,,,,,,,,,,,,,,,,
n2622550557,"2622550557",node,parking,,,,,,,,,,,,,,,,,,,,,,,,,,,,,,,,,,,,,,,,,,,,,,,,,,,,,,,,,,
n2630227515,"2630227515",node,parking,surface,,no,,,yes,,,,,,,"3",,,,,,,,,,,,,,,,,,,,,,,,,,,,,,,,,,,,,,,,,,,,,
n2634087844,"2634087844",node,parking,surface,,no,,,yes,,,,,,,,,,,,,,,,,,,,,,,,,,,,,,,,,,,,,,,,,,,,,,,,,,,,
n2634087847,"2634087847",node,parking,surface,yes,,,,yes,,,,,,,,,,,,,,,,,,,,,,,,,,,,,,,,,,,,,,,,,,,,,,,,,,,,
n2635489582,"2635489582",node,parking,underground,,,,,,,,,,,,,,,,,,,,,,,,,,,,,,,,,,,,,,,,,,,,,,,,,,,,,,,,,
n2692938696,"2692938696",node,,,yes,,,,,,,,,,,,,,,,,,,main,,,,,,,,,,,,,,,,,,,,,,,,,,,,,,,,,,,,,
n3063379324,"3063379324",node,parking,surface,,,,,,,,,,,,"14","1",,,,,,,,,,,,,,,,,,,,,,,,,,,,,,,,,,,,,,,,,,,,
n3073010580,"3073010580",node,parking,,yes,no,,,customers,,,,,,,,,,,,,,,,,,,,,,,,,,,,,,,,,,,,,,,,,,,,,,,,,,,,
n3121498812,"3121498812",node,,,,,,,,,,gate,,,,,,,,,,,,,,,,,,,,,,,,,,,,,,,,,,,,,,,,,,,,,,,,,
n3275263717,"3275263717",node,parking,surface,,,,,private,,,,,,,,,,,,,,,,,,,,,,,,,,,,,,,,,,,,,,,,,,,,,,,,,,,,
n3358646245,"3358646245",node,,,yes,,,,private,,,,,,,,,,,,,,,yes,,,,,,,,,,,,,,,,,,,,,,,,,,,,,,,,,,,,,
n3366757469,"3366757469",node,,,,,,,,,,cycle_barrier,yes,,,,,,,,,yes,,,,,,,,,,,,,,,,,,,,,,,,,,,,,,,,,,,,,,,
n3387405722,"3387405722",node,,,,,,,,,,,,,,,,,,,,,,main,,,,,,,,,,,,,,,,,,,,,,,,,,,,,,,,,,,,,
n3442523488,"3442523488",node,parking_entrance,,,,,,,,,,,,,,,,,,,,,,,,,,,,,,,,,,,,,,,,,,,,,,,,,,,,,,,,,,
n3569308715,"3569308715",node,parking,surface,yes,,,Behindertenparkplatz,private,,,,,,,,,,,,,,,,,,,,,,,,,,,,,,,,,,,,,,,,,,,,,,,,,,,,
n3695727291,"3695727291",node,parking_entrance,,,,,,,,,,,,,,,,,,,,,,,,,,,,,,,,,,,,,,,,,,,,,,,,,,,,,,,,,,
n3695729527,"3695729527",node,parking_entrance,,,,,,,,,,,,,,,,,,,,,,,,,,,,,,,,,,,,,,,,,,,,,,,,,,,,,,,,,,
n3722699882,"3722699882",node,parking,surface,,,,,,Gemeinde St. Peter,,,,,,"8",,,,,,,,,,,,,,,,,,,,,,,,,,,,,,,,,,,,,,,,,,,,,
n3738754815,"3738754815",node,,,yes,,,Aldi,,,,,,,,,,,,,Mo-Sa 08:00-20:00,,,yes,,,,,,,,,,,,,,,http://www.aldi-nord.de,supermarket,,Aldi,Q125054,en:Aldi,,,,,,,,,,,,,,,,,
n3738754816,"3738754816",node,,,,,,FCA Motorvillage Germany GmbH,,,,,,,,,,,,,"Mo-Fr 08:00-18:30; Sa 09:00-14:00",,,main,,,,,,,,,,,,,,+49 231 79308-0,http://www.nl-dortmund-hagener-str.fiatpartner.de/,car,,"Alfa Romeo;Fiat;Lancia",,,+49 231 79308-30,,,,,,,,,,,,,,,,
n3738755690,"3738755690",node,,,yes,,,dm Markt,,,,,,,,,,,,,Mo-Sa 08:00-20:00,,,yes,,,,,,,,,,,,,,+49 231 72592645,http://www.dm.de,chemist,,,,,,2015-07-30,,,,,,,,,,,,,,,
n3780151428,"3780151428",node,,,,,,Brackel Wanderwege des SGV,,Sauerländischer Gebirgsverein,,,yes,,,,,,,,,,,,,,,,,,,,,,,,,,,,,,,,,,yes,map,site,street,information,,,,,,,,,,
n3858982157,"3858982157",node,parking,surface,,,,,,,,,,,,"8",,,,,,,,,,,,,,,,,,,,,,,,,,,,,,,,,,,,,,,,,,,,,
n3978861876,"3978861876",node,marketplace,,,,,Wochenmarkt Mengede,,,,,,,,,,,,,"We,Sa 07:00-13:00",,,,,,,,,,,,,,,,,,,,,,,,,,,,,,,,,,,,,,,,
n4121973918,"4121973918",node,,,,,,,,,,,,,,,,,,,,,,,,,,,,,,,,,,,,,,,,,,,,,,,,,,turning_circle,,,,,,,,,
n4121973919,"4121973919",node,,,,,,,,,,,,,,,,,,,,,,,,,,,,,,,,,,,,,,,,,,,,,,,,,,turning_circle,,,,,,,,,
n4306223326,"4306223326",node,parking,,,,,"Parkstreifen, 4 Plätze",,,,,,,,,,,,,,,,,,,,,,,,,,,,,,,,,,,,,,,,,,,,,,,,,,,,,
n4471726617,"4471726617",node,,,,,,,customers,,,lift_gate,,,,,,,,,,,,,,,,,,,,,,,,,,,,,,,,,,,,,,,,,,,,,,,,,
n4811292272,"4811292272",node,,,,,,,,,,lift_gate,,,,,,,,,,,,,,,,,,,,,,,,,,,,,,,,,,,,,,,,,,,,,,,,,
n4846312059,"4846312059",node,,,,,,,,,,,,,,,,,,,,,,yes,,,,,,,,,,,,,,,,,,,,,,,,,,,,,,,,,,,,,
n4846317211,"4846317211",node,,,,,,,,,,gate,,,,,,,,,,,,,,,,,,,,,,,,,,,,,,,,,,,,,,,,,,,,,,,,,
n4856323949,"4856323949",node,,,,,,,,,,gate,,,,,,,,,,,,,,,,,,,,,,,,,,,,,,,,,,,,,,,,,,,,,,,,,
n4872753585,"4872753585",node,,,,,,,,,,gate,,,,,,,,,,,,,,,,,,,,,,,,,,,,,,,,,,,,,,,,,,,,,,,,,
n4872757430,"4872757430",node,,,,,,,,,,gate,,,,,,,,,,,,,,,,,,,,,,,,,,,,,,,,,,,,,,,,,,,,,,,,,
n4878349610,"4878349610",node,parking,multi-storey,,,,,customers,,,,,,,,,,,,,,,,,,,,,,,,,,,,,,,,,,,,,,,,,,,,,,,,,,,,
n4886124038,"4886124038",node,,,,,,,,,,,,,,,,,,,,,,yes,,,,,,,,,,,,,,,,,,,,,,,,,,,,,,,,,,,,,
n4928958753,"4928958753",node,parking,,,,,,,,,,,,,,,,,,,,,,,,,,,,,,,,,,,,,,,,,,,,,,,,,,,,,,,,,,
n4952732241,"4952732241",node,parking,multi-storey,yes,no,,Kaufland Parkaus,customers,,,,,,,,,,,,,,,,,,,,,,,,,,,,,,,,,,,,,,,,,,,,,,,,,,,,
n5142578852,"5142578852",node,,,,,,,,,,,,,,,,,,,,,,yes,,,,,,,,,,,,,,,,,,,,,,,,,,,,,,,,,,,,,
n5612293946,"5612293946",node,,,yes,,,,,,,,,,,,,,,,,,,main,,,,,,,,,,,,,,,,,,,,,,,,,,,,,,,,,,,,,
n5759010923,"5759010923",node,,,,,,,private,,,lift_gate,,yes,,,,,,,,,,,,,,,,,,,,,,,,,,,,,,,,,,,,,,,,,,,,,,,
n5759010924,"5759010924",node,,,,,,,private,,,lift_gate,,yes,,,,,,,,,,,,,,,,,,,,,,,,,,,,,,,,,,,,,,,,,,,,,,,
n5986612762,"5986612762",node,parking,surface,,,,,private,,,,,,,,,,,,,,,,,,,,,,,,,,,,,,,,,,,,,,,,,,,,,,,,,,,,
n5986614251,"5986614251",node,parking,surface,,,,,private,,,,,,,,,,,,,,,,,,,,,,,,,,,,,,,,,,,,,,,,,,,,,,,,,,,,
n5986614258,"5986614258",node,parking,surface,,,,,private,,,,,,,,,,,,,,,,,,,,,,,,,,,,,,,,,,,,,,,,,,,,,,,,,,,,
n5986614275,"5986614275",node,parking,surface,,,,,private,,,,,,,,,,,,,,,,,,,,,,,,,,,,,,,,,,,,,,,,,,,,,,,,,,,,
n6191097422,"6191097422",node,,,,,,,,,,gate,,,,,,,,,,,,,,,,,,,,,,,,,,,,,,,,,,,,,,,,,,,,,,,,,
n6206316292,"6206316292",node,,,,,,,,,,lift_gate,,,,,,,,,,,,,,,,,,,,,,,,,,,,,,,,,,,,,,,,,,,,,,,,,
n6489283863,"6489283863",node,parking_entrance,,,,,,,,,,,,,,,,,,,,,,,,,,,,,,,,,,,,,,,,,,,,,,,,,,,,,,,,,,
n6506092697,"6506092697",node,,,,,,,,,,bollard,,,,,,,,,,,,,,,,,,,,,,,,,,,,,,,,,,,,,,,,,,,,,,,,,
n6509947177,"6509947177",node,,,,,,,,,,lift_gate,,,,,,,,,,,,,,,,,,,,,,,,,,,,,,,,,,,,,,,,,,,,,,,,,
n6531833309,"6531833309",node,parking,,,,,,,,,,,,,,,,,,,,,,,,,,,,,,,,,,,,,,,,,,,,,,,,,,,,,,,,,,
n6708081023,"6708081023",node,parking_entrance,,,,,Einfahrt Parkhaus Dortmunder U,,,,gate,,,,,,,"2",,,,,garage,,,,,,,,,,,,,,,,,,,,,,,,,,,,,,,,,,,,,
n6708081024,"6708081024",node,parking_entrance,,,,,,,,,gate,,,,,,,,,,,,,,,,,,,,,,,,,,,,,,,,,,,,,,,,,garage,,,,,,,,
n6742124903,"6742124903",node,parking,,,,,,,,,,,,,,,,,,,,,,,,,,,,,,,,,,,,,,,,,,,,,,,,,,,,,,,,,,
n6765090709,"6765090709",node,parking,,,,,,,,,,,,,,,,,,,,,,,,,,,,,,,,,,,,,,,,,,,,,,,,,,,,,,,,,,
n7014296899,"7014296899",node,parking_entrance,,,,,,,,,,,,,,,,,,,,,,,,,,,,,,,,,,,,,,,,,,,,,,,,,,,,,,,,,,
n7014296903,"7014296903",node,parking_entrance,,,,,,,,,,,,,,,,,,,,,,,,,,,,,,,,,,,,,,,,,,,,,,,,,,,,,,,,,,
n7015361555,"7015361555",node,parking,underground,,yes,"-1",HDI/Südbad,yes,,,,,,,"125",,,,,"Mo-Fr 07:00-20:30, Sa 07:00-16:30, PH off",,,,,,,,,,,,,,,,,,,,,,,,,,,,,,,,,1€/h,"bis 8 Std. 1,00€/Std. Tageskarte 6,00€ bei Kartenverlust 15,00€ Dauerstellplatz mit Einstellvertrag: Mo.-Fr. 34€ Mo.-Sa. 36€ Mo.-So. 49€","2.08",+49 231 5450005,https://geoweb1.digistadtdo.de/OWSServiceProxy/client/parkhaus.jsp?parkid=P01,,,
n7132955303,"7132955303",node,,,,,,,,,,gate,,,,,,,,,,,,,,,,,,,,,,,,,,,,,,,,,,,,,,,,,,,,,,,,,
n7133036828,"7133036828",node,parking,surface,,,,,private,WILO SE,,,,,,,,,,,,,,,,,,,,,,,,,,,,,,,,,,,,,,,,,,,,,,,,,private,,
n7135080300,"7135080300",node,,,,,,,,,,lift_gate,,,,,,,,,,yes,private,,,,,,,,,,,,,,,,,,,,,,,,,,,,,,,,,,,,,,
n7602010675,"7602010675",node,,,no,,,,,,,gate,yes,,,,,,,,,no,no,,,,,,,no,,,,,,,,,,,,,,,,,,,,,,,,,,,,,,,
n7619329605,"7619329605",node,parking,,,,,,customers,,asphalt,,,,,"8",no,yes,,,24/7,,,,no,no,,,,,,,,,,,,,,,no,,,,,,,,,,,,,,,,,,,no,good
